-- MySQL dump 10.13  Distrib 8.0.38, for Win64 (x86_64)
--
-- Host: localhost    Database: naver_webtoon_db
-- ------------------------------------------------------
-- Server version	8.0.39

/*!40101 SET @OLD_CHARACTER_SET_CLIENT=@@CHARACTER_SET_CLIENT */;
/*!40101 SET @OLD_CHARACTER_SET_RESULTS=@@CHARACTER_SET_RESULTS */;
/*!40101 SET @OLD_COLLATION_CONNECTION=@@COLLATION_CONNECTION */;
/*!50503 SET NAMES utf8 */;
/*!40103 SET @OLD_TIME_ZONE=@@TIME_ZONE */;
/*!40103 SET TIME_ZONE='+00:00' */;
/*!40014 SET @OLD_UNIQUE_CHECKS=@@UNIQUE_CHECKS, UNIQUE_CHECKS=0 */;
/*!40014 SET @OLD_FOREIGN_KEY_CHECKS=@@FOREIGN_KEY_CHECKS, FOREIGN_KEY_CHECKS=0 */;
/*!40101 SET @OLD_SQL_MODE=@@SQL_MODE, SQL_MODE='NO_AUTO_VALUE_ON_ZERO' */;
/*!40111 SET @OLD_SQL_NOTES=@@SQL_NOTES, SQL_NOTES=0 */;

--
-- Table structure for table `author_group_tb`
--

DROP TABLE IF EXISTS `author_group_tb`;
/*!40101 SET @saved_cs_client     = @@character_set_client */;
/*!50503 SET character_set_client = utf8mb4 */;
CREATE TABLE `author_group_tb` (
  `author_group_id` int NOT NULL AUTO_INCREMENT,
  `webtoon_id` int NOT NULL,
  `author_id` int NOT NULL,
  PRIMARY KEY (`author_group_id`)
) ENGINE=InnoDB AUTO_INCREMENT=384 DEFAULT CHARSET=utf8mb4 COLLATE=utf8mb4_0900_ai_ci;
/*!40101 SET character_set_client = @saved_cs_client */;

--
-- Dumping data for table `author_group_tb`
--

LOCK TABLES `author_group_tb` WRITE;
/*!40000 ALTER TABLE `author_group_tb` DISABLE KEYS */;
INSERT INTO `author_group_tb` VALUES (1,1,90),(2,1,73),(3,2,76),(4,3,251),(5,3,197),(6,3,4),(7,4,103),(8,5,114),(9,6,312),(10,7,199),(11,7,124),(12,7,32),(13,8,332),(14,8,146),(15,9,290),(16,9,284),(17,10,129),(18,11,159),(19,12,326),(20,13,23),(21,14,197),(22,14,40),(23,14,8),(24,15,261),(25,15,110),(26,16,280),(27,16,241),(28,17,305),(29,17,291),(30,17,207),(31,17,12),(32,18,6),(33,19,130),(34,20,108),(35,20,93),(36,21,255),(37,21,177),(38,21,125),(39,22,87),(40,23,45),(41,24,113),(42,25,336),(43,25,243),(44,25,149),(45,26,164),(46,26,20),(47,27,244),(48,27,39),(49,28,224),(50,28,207),(51,28,27),(52,29,55),(53,30,252),(54,31,274),(55,31,161),(56,31,42),(57,32,33),(58,32,11),(59,33,269),(60,33,205),(61,33,96),(62,33,83),(63,34,260),(64,35,115),(65,36,333),(66,36,155),(67,37,319),(68,37,206),(69,38,277),(70,38,126),(71,39,301),(72,39,127),(73,40,313),(74,40,105),(75,41,334),(76,41,269),(77,41,257),(78,41,235),(79,41,169),(80,42,273),(81,42,204),(82,43,184),(83,43,75),(84,43,58),(85,44,216),(86,44,139),(87,44,107),(88,45,286),(89,46,325),(90,46,269),(91,46,229),(92,46,21),(93,47,133),(94,48,68),(95,49,206),(96,49,71),(97,50,206),(98,50,100),(99,51,343),(100,51,265),(101,51,66),(102,52,310),(103,52,88),(104,53,141),(105,54,208),(106,54,52),(107,55,215),(108,55,144),(109,56,341),(110,56,7),(111,57,334),(112,57,302),(113,57,263),(114,57,60),(115,58,264),(116,59,254),(117,60,138),(118,61,237),(119,61,194),(120,61,92),(121,61,5),(122,62,209),(123,62,206),(124,62,112),(125,63,344),(126,63,269),(127,64,308),(128,64,202),(129,65,227),(130,65,22),(131,65,3),(132,66,218),(133,67,327),(134,67,238),(135,68,24),(136,69,135),(137,70,278),(138,71,338),(139,72,136),(140,73,303),(141,73,237),(142,73,94),(143,73,48),(144,74,223),(145,74,67),(146,75,253),(147,75,152),(148,75,145),(149,76,142),(150,76,131),(151,77,185),(152,77,44),(153,78,322),(154,78,57),(155,79,249),(156,79,196),(157,79,140),(158,80,242),(159,81,271),(160,81,166),(161,82,106),(162,83,240),(163,84,220),(164,84,171),(165,85,288),(166,85,14),(167,86,187),(168,87,269),(169,88,128),(170,88,35),(171,89,337),(172,90,119),(173,91,304),(174,91,222),(175,92,214),(176,92,175),(177,92,123),(178,93,262),(179,94,225),(180,94,211),(181,95,267),(182,95,190),(183,96,1),(184,97,296),(185,98,287),(186,99,318),(187,100,275),(188,101,345),(189,101,203),(190,102,160),(191,103,181),(192,103,173),(193,104,193),(194,105,324),(195,105,162),(196,106,232),(197,106,124),(198,106,50),(199,107,323),(200,107,245),(201,107,236),(202,108,197),(203,108,120),(204,108,4),(205,109,328),(206,109,207),(207,110,311),(208,110,182),(209,111,172),(210,112,339),(211,113,334),(212,114,339),(213,114,320),(214,114,186),(215,114,74),(216,115,221),(217,115,91),(218,115,79),(219,116,315),(220,116,63),(221,116,18),(222,117,283),(223,117,276),(224,118,158),(225,118,46),(226,118,36),(227,119,285),(228,119,111),(229,119,69),(230,120,297),(231,120,59),(232,121,13),(233,122,217),(234,122,198),(235,122,174),(236,123,237),(237,124,215),(238,124,118),(239,125,228),(240,126,351),(241,126,15),(242,127,200),(243,128,178),(244,128,163),(245,128,81),(246,129,298),(247,129,53),(248,130,266),(249,130,179),(250,130,49),(251,131,134),(252,132,298),(253,132,212),(254,132,149),(255,133,132),(256,133,104),(257,133,41),(258,134,16),(259,135,331),(260,135,219),(261,136,279),(262,136,70),(263,137,317),(264,137,269),(265,138,321),(266,138,56),(267,139,62),(268,140,30),(269,141,270),(270,142,309),(271,143,295),(272,143,256),(273,144,80),(274,145,316),(275,145,269),(276,145,143),(277,145,38),(278,146,272),(279,146,54),(280,147,282),(281,147,84),(282,147,47),(283,148,340),(284,149,301),(285,149,127),(286,150,246),(287,151,99),(288,152,206),(289,152,147),(290,153,268),(291,153,176),(292,154,281),(293,154,237),(294,155,157),(295,156,334),(296,156,250),(297,156,201),(298,156,121),(299,157,64),(300,157,43),(301,157,37),(302,158,148),(303,158,26),(304,159,330),(305,159,191),(306,160,2),(307,161,188),(308,162,289),(309,163,230),(310,163,213),(311,164,170),(312,165,329),(313,165,165),(314,165,109),(315,166,292),(316,167,347),(317,167,342),(318,167,77),(319,168,322),(320,168,153),(321,169,102),(322,170,299),(323,171,269),(324,171,239),(325,172,150),(326,173,294),(327,173,237),(328,173,97),(329,173,10),(330,174,117),(331,175,9),(332,176,210),(333,176,89),(334,177,85),(335,178,300),(336,178,269),(337,179,247),(338,180,78),(339,181,346),(340,182,248),(341,182,51),(342,183,259),(343,184,307),(344,184,167),(345,185,335),(346,185,137),(347,185,98),(348,186,101),(349,187,25),(350,188,86),(351,188,72),(352,189,231),(353,189,168),(354,189,151),(355,190,189),(356,190,116),(357,190,65),(358,191,233),(359,191,156),(360,191,17),(361,192,348),(362,192,226),(363,192,31),(364,193,195),(365,194,19),(366,195,95),(367,196,122),(368,196,34),(369,197,180),(370,198,61),(371,199,349),(372,199,306),(373,199,28),(374,200,29),(375,201,314),(376,202,82),(377,203,192),(378,203,154),(379,204,183),(380,205,258),(381,205,234),(382,206,350),(383,206,293);
/*!40000 ALTER TABLE `author_group_tb` ENABLE KEYS */;
UNLOCK TABLES;

--
-- Table structure for table `author_tb`
--

DROP TABLE IF EXISTS `author_tb`;
/*!40101 SET @saved_cs_client     = @@character_set_client */;
/*!50503 SET character_set_client = utf8mb4 */;
CREATE TABLE `author_tb` (
  `author_id` int NOT NULL AUTO_INCREMENT,
  `author_name` varchar(45) NOT NULL,
  PRIMARY KEY (`author_id`)
) ENGINE=InnoDB AUTO_INCREMENT=352 DEFAULT CHARSET=utf8mb4 COLLATE=utf8mb4_0900_ai_ci;
/*!40101 SET character_set_client = @saved_cs_client */;

--
-- Dumping data for table `author_tb`
--

LOCK TABLES `author_tb` WRITE;
/*!40000 ALTER TABLE `author_tb` DISABLE KEYS */;
INSERT INTO `author_tb` VALUES (1,'님니'),(2,'노란구미'),(3,'멍뭉'),(4,'장영훈'),(5,'점도리'),(6,'제민'),(7,'네온비'),(8,'윤승기'),(9,'응쿵댄'),(10,'삼밀삼'),(11,'애풍, 아쿠아콘'),(12,'이블라인'),(13,'이량'),(14,'혜림'),(15,'NEMONE'),(16,'고먕'),(17,'942'),(18,'산천'),(19,'잇'),(20,'성불예정, 준1'),(21,'호라칸'),(22,'로즈빈'),(23,'김종건'),(24,'도국'),(25,'달뜬'),(26,'애크쵸'),(27,'김가든'),(28,'굄'),(29,'철준'),(30,'로즈옹'),(31,'해사'),(32,'김두루미'),(33,'김남규'),(34,'수현'),(35,'Tabii'),(36,'퀀퀀'),(37,'쾌조'),(38,'하강호'),(39,'신신성, MAJOR'),(40,'청시소'),(41,'파란'),(42,'달아'),(43,'사도'),(44,'새몽'),(45,'뮤리'),(46,'팀 보도뵈'),(47,'성구'),(48,'숙임'),(49,'레몬개구리'),(50,'김태형'),(51,'도토리맛 우유'),(52,'아츠시, Perlacot'),(53,'기린그린'),(54,'골드행'),(55,'광산, MAJOR'),(56,'겸자'),(57,'승9'),(58,'레포'),(59,'박만사, 김꿀빨'),(60,'유세라'),(61,'인미'),(62,'바른꽃'),(63,'철범'),(64,'X-NAME'),(65,'Ryuta'),(66,'카이루니사'),(67,'이순기'),(68,'양아최'),(69,'무향'),(70,'장래혁'),(71,'꿀밤비'),(72,'REDSTONE!!'),(73,'채용택'),(74,'언데드딸기'),(75,'인덱스'),(76,'이담'),(77,'꿀생강'),(78,'갈치'),(79,'혜용'),(80,'우주돌'),(81,'니콜로'),(82,'강우봉'),(83,'ANGELA'),(84,'왕재덕'),(85,'안수민'),(86,'장부규(BKORI)'),(87,'노백'),(88,'이루이'),(89,'강하다'),(90,'한가람'),(91,'에시'),(92,'춘삼'),(93,'강문송'),(94,'유삼'),(95,'김방학'),(96,'김호연'),(97,'도주차량'),(98,'Nobena'),(99,'유월'),(100,'사야'),(101,'오한'),(102,'구동인'),(103,'물렁이'),(104,'덤보'),(105,'박수봉'),(106,'솔리'),(107,'김대영'),(108,'1172'),(109,'근당'),(110,'스윙뱃'),(111,'스튜디오 시그마'),(112,'한빈'),(113,'으앵'),(114,'SIU'),(115,'구야'),(116,'백화등'),(117,'해영채'),(118,'풍백'),(119,'이해력'),(120,'박진환'),(121,'오일구'),(122,'김도비'),(123,'노리'),(124,'한중월야'),(125,'송지형'),(126,'박만사, 백두'),(127,'송준혁'),(128,'ARC, Ubisoft, YEON'),(129,'스프링'),(130,'환댕'),(131,'둥치'),(132,'딥블랙'),(133,'마카빔'),(134,'강태진'),(135,'상수'),(136,'석한'),(137,'유세유'),(138,'감람'),(139,'산하'),(140,'오이드럼'),(141,'닺'),(142,'Akaogi Seki'),(143,'다댕'),(144,'영기'),(145,'삵'),(146,'황양'),(147,'진설우'),(148,'하하영'),(149,'지대공마법소년'),(150,'라떼'),(151,'ROHRAN'),(152,'임하얌'),(153,'섯끼'),(154,'SN'),(155,'진자'),(156,'서담연'),(157,'수사반장'),(158,'플아다'),(159,'HO9'),(160,'서나래'),(161,'박스오피스'),(162,'김용키, 박만사'),(163,'Two-zero'),(164,'미노'),(165,'날파카'),(166,'일공팔'),(167,'김보통'),(168,'GG'),(169,'류호'),(170,'쪼'),(171,'사이렌'),(172,'조석'),(173,'박만사, 남자의 이야기'),(174,'댄싱브레인'),(175,'다드래기'),(176,'한동우'),(177,'로드워리어'),(178,'플랜에이'),(179,'새들'),(180,'요엔'),(181,'정종택'),(182,'백인휘'),(183,'박소'),(184,'세혼'),(185,'알깨'),(186,'언데드감자'),(187,'규잉'),(188,'홍치'),(189,'김영지'),(190,'최아서'),(191,'마로제이'),(192,'배현희'),(193,'야옹이'),(194,'필나르'),(195,'MUTE'),(196,'Aria'),(197,'JP'),(198,'미세초'),(199,'티아이'),(200,'보로리'),(201,'류은가람'),(202,'신의철'),(203,'요정용'),(204,'김대일'),(205,'p.P'),(206,'LICO'),(207,'스튜디오MW'),(208,'아지'),(209,'비첼'),(210,'장그린'),(211,'나는야사과될거야'),(212,'전천후마검사'),(213,'개초'),(214,'김연우'),(215,'나락'),(216,'녹색여우'),(217,'라치크'),(218,'주영현'),(219,'team IRUKA'),(220,'서클'),(221,'최아리'),(222,'홍이'),(223,'이예린'),(224,'곰돌이는'),(225,'쿠키빵'),(226,'이건'),(227,'햄친'),(228,'여은'),(229,'S-Nanyc'),(230,'미티'),(231,'BIN'),(232,'매드버드'),(233,'림하'),(234,'게르마늄'),(235,'양담'),(236,'송희구'),(237,'삼'),(238,'이우'),(239,'호진'),(240,'망공이'),(241,'희세'),(242,'래형'),(243,'에르훗'),(244,'신신성'),(245,'명랑'),(246,'마인드C'),(247,'한건희'),(248,'홍기우'),(249,'먕먕녕녕'),(250,'심재영'),(251,'부겸'),(252,'빤쓰'),(253,'쏘가리'),(254,'양세준'),(255,'DD'),(256,'백주아'),(257,'황도톨'),(258,'뉴럭이'),(259,'선우'),(260,'갬쟈'),(261,'커피라임'),(262,'뚱귤'),(263,'아린'),(264,'문지현'),(265,'체리고'),(266,'초밤비'),(267,'꿍베'),(268,'이도희'),(269,'호'),(270,'원주민'),(271,'김충전'),(272,'박진석'),(273,'이상혁'),(274,'아쿠아콘, 경우'),(275,'포카리'),(276,'혜성'),(277,'백승훈, 백두'),(278,'당토'),(279,'설봉'),(280,'매미'),(281,'삼촌'),(282,'구채'),(283,'이석재'),(284,'박만사, 유누니'),(285,'기원'),(286,'미라주'),(287,'을승'),(288,'댄킴'),(289,'홍연식'),(290,'박만사, 태완'),(291,'스튜디오MW, 김성은'),(292,'이혜'),(293,'신형욱'),(294,'나사못'),(295,'MIDNIGHT STUDIO'),(296,'지휘'),(297,'누리마루'),(298,'사람살려.'),(299,'연일'),(300,'호우'),(301,'이경민'),(302,'류화'),(303,'창대'),(304,'해람'),(305,'황지성'),(306,'이준'),(307,'나몬'),(308,'스릴'),(309,'고추참치'),(310,'랍스타'),(311,'박만사, 백인휘'),(312,'조용석'),(313,'박수봉, 김장훈'),(314,'팀 오누이'),(315,'모구'),(316,'문백경'),(317,'황준호'),(318,'해미'),(319,'한경찬'),(320,'싱숑'),(321,'병장, 박만사'),(322,'랑쓰'),(323,'김병관'),(324,'죠'),(325,'체나'),(326,'모랑지'),(327,'박장고'),(328,'오정'),(329,'단리한'),(330,'성하'),(331,'이윤아'),(332,'이대한'),(333,'정생'),(334,'류'),(335,'새드민'),(336,'크라켄'),(337,'조9'),(338,'백작'),(339,'감자'),(340,'파도'),(341,'장구'),(342,'하담'),(343,'VBi'),(344,'즛호'),(345,'한강'),(346,'즐바센'),(347,'퍼젤'),(348,'홍홍'),(349,'정무늬'),(350,'범고래'),(351,'홍덕');
/*!40000 ALTER TABLE `author_tb` ENABLE KEYS */;
UNLOCK TABLES;

--
-- Table structure for table `category_tb`
--

DROP TABLE IF EXISTS `category_tb`;
/*!40101 SET @saved_cs_client     = @@character_set_client */;
/*!50503 SET character_set_client = utf8mb4 */;
CREATE TABLE `category_tb` (
  `category_id` int NOT NULL AUTO_INCREMENT,
  `category_name` varchar(45) NOT NULL,
  PRIMARY KEY (`category_id`)
) ENGINE=InnoDB AUTO_INCREMENT=3 DEFAULT CHARSET=utf8mb4 COLLATE=utf8mb4_0900_ai_ci;
/*!40101 SET character_set_client = @saved_cs_client */;

--
-- Dumping data for table `category_tb`
--

LOCK TABLES `category_tb` WRITE;
/*!40000 ALTER TABLE `category_tb` DISABLE KEYS */;
INSERT INTO `category_tb` VALUES (1,'월'),(2,'화');
/*!40000 ALTER TABLE `category_tb` ENABLE KEYS */;
UNLOCK TABLES;

--
-- Table structure for table `webtoon_tb`
--

DROP TABLE IF EXISTS `webtoon_tb`;
/*!40101 SET @saved_cs_client     = @@character_set_client */;
/*!50503 SET character_set_client = utf8mb4 */;
CREATE TABLE `webtoon_tb` (
  `webtoon_id` int NOT NULL AUTO_INCREMENT,
  `title` varchar(255) NOT NULL,
  `rating` decimal(4,2) NOT NULL,
  `img_url` text NOT NULL,
  `category_id` int NOT NULL,
  PRIMARY KEY (`webtoon_id`)
) ENGINE=InnoDB AUTO_INCREMENT=207 DEFAULT CHARSET=utf8mb4 COLLATE=utf8mb4_0900_ai_ci;
/*!40101 SET character_set_client = @saved_cs_client */;

--
-- Dumping data for table `webtoon_tb`
--

LOCK TABLES `webtoon_tb` WRITE;
/*!40000 ALTER TABLE `webtoon_tb` DISABLE KEYS */;
INSERT INTO `webtoon_tb` VALUES (1,'참교육',9.89,'https://image-comic.pstatic.net/webtoon/758037/thumbnail/thumbnail_IMAG21_15cb2611-34c0-4f02-a689-41d0b1016579.jpg',1),(2,'똑 닮은 딸',9.98,'https://image-comic.pstatic.net/webtoon/774866/thumbnail/thumbnail_IMAG21_b03cd4bd-bc74-4469-a501-20896bcc887f.jpg',1),(3,'환생천마',9.95,'https://image-comic.pstatic.net/webtoon/822657/thumbnail/thumbnail_IMAG21_99e49512-e05d-48c3-846d-d898f78523df.jpg',1),(4,'어느날 갑자기 가슴이 커짐',9.78,'https://image-comic.pstatic.net/webtoon/830015/thumbnail/thumbnail_IMAG21_3591064c-2ca1-41fc-88f5-2cf57f27b1d3.jpg',1),(5,'신의 탑',9.84,'https://image-comic.pstatic.net/webtoon/183559/thumbnail/thumbnail_IMAG21_5f3fec31-5c95-4afe-a73f-3046288edb47.jpg',1),(6,'윈드브레이커',9.84,'https://image-comic.pstatic.net/webtoon/602910/thumbnail/thumbnail_IMAG21_e861f2cf-6157-4d33-8e02-7b4cbf0a8baf.jpg',1),(7,'절대검감',9.95,'https://image-comic.pstatic.net/webtoon/796075/thumbnail/thumbnail_IMAG21_31f75c4c-81c9-454a-8d92-9e23b577e1a5.jpg',1),(8,'귀촌리',9.95,'https://image-comic.pstatic.net/webtoon/822573/thumbnail/thumbnail_IMAG21_d5b20239-59d8-4274-85ef-3d096420738c.jpg',1),(9,'퀘스트지상주의',9.50,'https://image-comic.pstatic.net/webtoon/783052/thumbnail/thumbnail_IMAG21_800f4c56-26ac-419e-9ed0-baf322311dea.jpg',1),(10,'수상한 다이어트 클럽',9.92,'https://image-comic.pstatic.net/webtoon/821626/thumbnail/thumbnail_IMAG21_d10d43b4-6de9-41e8-a920-9ceac7dbf88c.jpg',1),(11,'별난식당',9.96,'https://image-comic.pstatic.net/webtoon/806189/thumbnail/thumbnail_IMAG21_292de414-bd9a-418d-a4e9-d97060398223.jpg',1),(12,'소녀의 세계',9.92,'https://image-comic.pstatic.net/webtoon/654774/thumbnail/thumbnail_IMAG21_4bc808d4-e9f3-4573-bcd7-4f76c79ce4bf.jpg',1),(13,'우아한 욕망',9.91,'https://image-comic.pstatic.net/webtoon/813552/thumbnail/thumbnail_IMAG21_d7106631-d475-4195-a4dc-2b006dfaff6c.jpg',1),(14,'시한부 천재가 살아남는 법',9.96,'https://image-comic.pstatic.net/webtoon/832703/thumbnail/thumbnail_IMAG21_1dab240b-fafb-472a-8b42-966f40f8fdc0.jpg',1),(15,'회귀한 공작가의 막내도련님은 암살자',9.92,'https://image-comic.pstatic.net/webtoon/821195/thumbnail/thumbnail_IMAG21_4eff0192-8237-4ec7-b74c-bd66cfd25d51.jpg',1),(16,'팔이피플',9.95,'https://image-comic.pstatic.net/webtoon/774863/thumbnail/thumbnail_IMAG21_e390eaf4-cfcd-46bf-901f-93034135a314.jpg',1),(17,'천재 타자가 강속구를 숨김',9.91,'https://image-comic.pstatic.net/webtoon/807775/thumbnail/thumbnail_IMAG21_0ee25b80-a8ce-4d15-a241-679c9780a157.jpg',1),(18,'정신 차려, 전승연',9.61,'https://image-comic.pstatic.net/webtoon/832243/thumbnail/thumbnail_IMAG21_10198941-e7d8-4a0e-abc5-cabc6759cca9.jpg',1),(19,'잔불의 기사',9.96,'https://image-comic.pstatic.net/webtoon/768536/thumbnail/thumbnail_IMAG21_06774772-8958-4f9b-ad2c-895567ec11bc.jpg',1),(20,'잘 헤어지는 방법',9.93,'https://image-comic.pstatic.net/webtoon/826348/thumbnail/thumbnail_IMAG21_0e5ca254-07ed-4b5c-a4b8-5dc8fab9ecdb.jpg',1),(21,'아포칼립스에 집을 숨김',9.79,'https://image-comic.pstatic.net/webtoon/825332/thumbnail/thumbnail_IMAG21_2ed9c081-22b0-4fd5-8670-8f0dcd0ed578.jpg',1),(22,'무벌전',9.91,'https://image-comic.pstatic.net/webtoon/827322/thumbnail/thumbnail_IMAG21_11e2cfaf-c327-457e-8b33-a79f0b1e9252.jpg',1),(23,'토마토가 돼라!',9.98,'https://image-comic.pstatic.net/webtoon/805702/thumbnail/thumbnail_IMAG21_d862f8dd-6f21-4abf-a51c-7e00128aaae4.jpg',1),(24,'학식의 꿈',9.98,'https://image-comic.pstatic.net/webtoon/818403/thumbnail/thumbnail_IMAG21_2eebc0ef-2354-4036-8c32-4fbb4682f345.jpg',1),(25,'파브르 in 사천당가',9.93,'https://image-comic.pstatic.net/webtoon/833702/thumbnail/thumbnail_IMAG21_4bbdd9e4-6f86-415b-a994-4ba90a6962db.jpg',1),(26,'만렙돌파',9.43,'https://image-comic.pstatic.net/webtoon/759940/thumbnail/thumbnail_IMAG21_3976787538998813497.jpg',1),(27,'벤타블랙',9.77,'https://image-comic.pstatic.net/webtoon/834006/thumbnail/thumbnail_IMAG21_f6740333-7e39-4080-84a3-76e275d45b99.jpg',1),(28,'중세 판타지 속 망나니 경비조장',9.94,'https://image-comic.pstatic.net/webtoon/831416/thumbnail/thumbnail_IMAG21_d1882e45-b983-4b8f-9a21-17202090eeaa.jpg',1),(29,'최악의 세대',9.83,'https://image-comic.pstatic.net/webtoon/834261/thumbnail/thumbnail_IMAG21_f2b9b700-476e-4cc8-b84c-de760344c65a.jpg',1),(30,'히어로메이커',9.93,'https://image-comic.pstatic.net/webtoon/21815/thumbnail/thumbnail_IMAG21_7292511306663934265.jpg',1),(31,'좀비묵시록 82-08',9.81,'https://image-comic.pstatic.net/webtoon/814742/thumbnail/thumbnail_IMAG21_ec88007f-9d6f-43c2-9a4a-5cbdef1bbde4.jpg',1),(32,'제왕',9.91,'https://image-comic.pstatic.net/webtoon/783535/thumbnail/thumbnail_IMAG21_4b6a83cd-a5e9-408f-bbac-244f25240394.jpg',1),(33,'불편한 편의점',9.97,'https://image-comic.pstatic.net/webtoon/824782/thumbnail/thumbnail_IMAG21_2e178b5a-a55c-4c80-aae7-4ad98a1f7563.jpg',1),(34,'개같이 탈출',9.95,'https://image-comic.pstatic.net/webtoon/814594/thumbnail/thumbnail_IMAG21_8746b12b-566e-4375-b0ab-1eaf48e17a1d.jpg',1),(35,'구야는 신입',9.93,'https://image-comic.pstatic.net/webtoon/828167/thumbnail/thumbnail_IMAG21_f2b97f04-93f5-4bef-ac3b-7f407cba53f8.jpg',1),(36,'모솔대첩',9.54,'https://image-comic.pstatic.net/webtoon/833596/thumbnail/thumbnail_IMAG21_e85ced84-385d-41e2-9dd3-d12020a110a2.jpg',1),(37,'폭력의 왕',9.81,'https://image-comic.pstatic.net/webtoon/824890/thumbnail/thumbnail_IMAG21_43594c54-6e43-412a-a7a5-2b2e1d4be956.jpg',1),(38,'진주',9.89,'https://image-comic.pstatic.net/webtoon/818588/thumbnail/thumbnail_IMAG21_1819294f-07f1-439c-8a25-7bd880840fef.jpg',1),(39,'UP\n우리 안 사귀어!!',9.69,'https://image-comic.pstatic.net/webtoon/828670/thumbnail/thumbnail_IMAG21_a4cae658-a143-4c06-a226-b5cf61cbe30a.jpg',1),(40,'더블클릭',9.94,'https://image-comic.pstatic.net/webtoon/769663/thumbnail/thumbnail_IMAG21_935bf47d-9219-4f45-8a58-d5a7af13ce51.jpg',1),(41,'휴재\n피폐물을 힐링물로 만드는 방법',9.97,'https://image-comic.pstatic.net/webtoon/826381/thumbnail/thumbnail_IMAG21_6cdb8ebe-db83-489c-8dc9-a6a619a0efdd.jpg',1),(42,'마왕을 그만둔 이유',9.82,'https://image-comic.pstatic.net/webtoon/820897/thumbnail/thumbnail_IMAG21_90f68f1d-cc97-4357-b7e8-de994918ff8d.jpg',1),(43,'리턴 투 플레이어',9.93,'https://image-comic.pstatic.net/webtoon/752414/thumbnail/thumbnail_IMAG21_39403770-832d-4c35-8e3e-97ab1c4934a1.jpg',1),(44,'우주천마 3077',9.49,'https://image-comic.pstatic.net/webtoon/829195/thumbnail/thumbnail_IMAG21_70e13aca-ac81-4e47-b856-6c5d8651a0c5.jpg',1),(45,'위험하지 않아요 NPC씨',9.96,'https://image-comic.pstatic.net/webtoon/828365/thumbnail/thumbnail_IMAG21_70c61676-5829-4aea-8ce3-99b9c2a4a65e.jpg',1),(46,'미친 재능의 플레이어',9.82,'https://image-comic.pstatic.net/webtoon/814781/thumbnail/thumbnail_IMAG21_c88e92fa-e109-47d6-8a59-912749ff3a40.jpg',1),(47,'인섹터',9.95,'https://image-comic.pstatic.net/webtoon/801710/thumbnail/thumbnail_IMAG21_34aa900b-b42f-4335-bb97-6e85d30db2b8.jpg',1),(48,'K학원 생존기',9.95,'https://image-comic.pstatic.net/webtoon/823190/thumbnail/thumbnail_IMAG21_7e4185fa-4b5c-44e5-ba21-b39e2ab5c22b.jpg',1),(49,'황후의 짐승간택',9.84,'https://image-comic.pstatic.net/webtoon/828127/thumbnail/thumbnail_IMAG21_8acf9334-4bb4-46f3-9754-c978427cda1e.jpg',1),(50,'막장 악녀',9.96,'https://image-comic.pstatic.net/webtoon/823022/thumbnail/thumbnail_IMAG21_8a4d8b18-5a10-4c82-a12f-4d6526c3c567.jpg',1),(51,'연애보다 결혼',9.82,'https://image-comic.pstatic.net/webtoon/834181/thumbnail/thumbnail_IMAG21_7ad47e5b-4d2f-468d-832c-8ea57f278c60.jpg',1),(52,'시한부의 아이까지 뺏으려 합니다',9.82,'https://image-comic.pstatic.net/webtoon/814362/thumbnail/thumbnail_IMAG21_16247d91-5c88-43aa-80e3-f28b2daf868d.jpg',1),(53,'기생몽',9.76,'https://image-comic.pstatic.net/webtoon/827160/thumbnail/thumbnail_IMAG21_dd154be9-ff45-4fef-bee5-f484a14463fe.jpg',1),(54,'제국 최고의 악녀를 사랑하게 되었습니다',9.87,'https://image-comic.pstatic.net/webtoon/833908/thumbnail/thumbnail_IMAG21_96028c0b-4713-4b8d-b10e-560dcea36a17.jpg',1),(55,'헬크래프트',9.90,'https://image-comic.pstatic.net/webtoon/800034/thumbnail/thumbnail_IMAG21_df4c9ca5-a954-4c14-b03b-8716f5eea843.jpg',1),(56,'타이탄',9.63,'https://image-comic.pstatic.net/webtoon/829714/thumbnail/thumbnail_IMAG21_0ea0b576-241a-4036-b37b-cde80f9a4634.jpg',1),(57,'함부로 친절하지 말라',9.97,'https://image-comic.pstatic.net/webtoon/821095/thumbnail/thumbnail_IMAG21_c0674c58-dcbd-4d2b-946e-936c308978ad.jpg',1),(58,'꿈의 기업',9.97,'https://image-comic.pstatic.net/webtoon/687915/thumbnail/thumbnail_IMAG21_d46ad6b8-e9a8-4bc8-b501-e62adfee0eb6.jpg',1),(59,'보스리턴',9.88,'https://image-comic.pstatic.net/webtoon/818668/thumbnail/thumbnail_IMAG21_d8573ab3-e412-4f5f-b36c-e9116e0af93c.jpg',1),(60,'라서드',9.97,'https://image-comic.pstatic.net/webtoon/756140/thumbnail/thumbnail_IMAG21_50527917-4994-43dd-a584-8dfbe29094d2.jpg',1),(61,'요리사가 되고 싶은 천마님',9.86,'https://image-comic.pstatic.net/webtoon/823536/thumbnail/thumbnail_IMAG21_4b4cdcf1-2795-40c4-b8d5-09b209638708.jpg',1),(62,'황태자의 소꿉친구로 살아남기',9.84,'https://image-comic.pstatic.net/webtoon/834372/thumbnail/thumbnail_IMAG21_21447bd1-2cfe-4f11-b1bc-6c3b1801a294.jpg',1),(63,'악녀교실',9.94,'https://image-comic.pstatic.net/webtoon/814116/thumbnail/thumbnail_IMAG21_ad8a72e1-1ffa-4068-8e4c-ad524c59dfe5.jpg',1),(64,'기사식당',9.86,'https://image-comic.pstatic.net/webtoon/827077/thumbnail/thumbnail_IMAG21_8ad2d767-97fe-493a-bd6e-51f562a61ec9.jpg',1),(65,'휴재\n퇴근 후에 만나요',9.95,'https://image-comic.pstatic.net/webtoon/801517/thumbnail/thumbnail_IMAG21_9138597e-9817-403c-81b9-b44232e7f385.jpg',1),(66,'아직 제목 없음',9.91,'https://image-comic.pstatic.net/webtoon/831547/thumbnail/thumbnail_IMAG21_8603cb39-e522-474d-a19f-4e36aaff18fa.jpg',1),(67,'여고생이 신인데 나만 괴롭힘',9.85,'https://image-comic.pstatic.net/webtoon/821336/thumbnail/thumbnail_IMAG21_06740ea2-da7a-4e6d-a37f-02d6121a7680.jpg',1),(68,'다육이는 잘 자란다',9.94,'https://image-comic.pstatic.net/webtoon/820800/thumbnail/thumbnail_IMAG21_29079d87-ed89-4448-814b-dd7f54f2cf80.jpg',1),(69,'찌질하지만 로맨스는 하고 싶어',9.23,'https://image-comic.pstatic.net/webtoon/774870/thumbnail/thumbnail_IMAG21_7edc26e1-5aa3-4574-908c-d3df9b331faf.jpg',1),(70,'두 번째 삶은 힐링라이프?',9.93,'https://image-comic.pstatic.net/webtoon/819202/thumbnail/thumbnail_IMAG21_a158cef6-6248-42ee-bce7-8f4f57fc0d5f.jpg',1),(71,'녹빛자정의 연인',9.97,'https://image-comic.pstatic.net/webtoon/822193/thumbnail/thumbnail_IMAG21_69615f2c-f23a-41af-967c-0164f1ebc9a8.jpg',1),(72,'연애복붙',9.78,'https://image-comic.pstatic.net/webtoon/833414/thumbnail/thumbnail_IMAG21_ad7396ac-6cdc-4c73-96ae-894bff0cd681.jpg',1),(73,'서브 남주가 파업하면 생기는 일',9.96,'https://image-comic.pstatic.net/webtoon/803518/thumbnail/thumbnail_IMAG21_f41d66d4-7f17-49c2-b32c-cff3e872476b.jpg',1),(74,'러브 로스팅',9.91,'https://image-comic.pstatic.net/webtoon/828103/thumbnail/thumbnail_IMAG21_5d02a40f-6835-4eb3-93ac-7d387f1beba1.jpg',1),(75,'악당과 악당이 만나면',9.96,'https://image-comic.pstatic.net/webtoon/804782/thumbnail/thumbnail_IMAG21_4d2487bf-820c-4a8d-9008-1c558ac30d3c.jpg',1),(76,'게임마스터',9.63,'https://image-comic.pstatic.net/webtoon/832104/thumbnail/thumbnail_IMAG21_6f73a57c-6a4f-40fc-9ccb-cc8619a7d8a9.jpg',1),(77,'최후의 금빛아이',9.96,'https://image-comic.pstatic.net/webtoon/772734/thumbnail/thumbnail_IMAG21_fdecfea5-8ca1-4a32-9c55-34a30f24266d.jpg',1),(78,'솔로스쿨',9.92,'https://image-comic.pstatic.net/webtoon/824208/thumbnail/thumbnail_IMAG21_27965ef8-729d-4ef8-972d-a01dc74df924.jpg',1),(79,'세계 서열 0위님, 제발 그만해 주세요',9.96,'https://image-comic.pstatic.net/webtoon/827290/thumbnail/thumbnail_IMAG21_ff3ab79b-4a80-48b0-9ebd-d948cf4fd18f.jpg',1),(80,'반려짐승',9.95,'https://image-comic.pstatic.net/webtoon/818810/thumbnail/thumbnail_IMAG21_4dbca925-6ea4-4561-b1b2-eb0df0089eeb.jpg',1),(81,'휴재\n연애 연기대상',9.91,'https://image-comic.pstatic.net/webtoon/803123/thumbnail/thumbnail_IMAG21_8044b60b-1ab2-4849-9640-b3d2f6500068.jpg',1),(82,'숭늉버블티',9.86,'https://image-comic.pstatic.net/webtoon/832674/thumbnail/thumbnail_IMAG21_befdeb80-3dac-4262-83b1-623d3a3a3478.jpg',1),(83,'나의 보이소프렌드',9.96,'https://image-comic.pstatic.net/webtoon/819698/thumbnail/thumbnail_IMAG21_3376cf6c-a620-4782-a002-24ea6910771d.jpg',1),(84,'휴재\n컨트롤X',9.53,'https://image-comic.pstatic.net/webtoon/812403/thumbnail/thumbnail_IMAG21_33b2a737-0fe1-41d8-b083-40220fb5c5cb.jpg',1),(85,'휴재\n영업 천재가 되었다',9.91,'https://image-comic.pstatic.net/webtoon/818780/thumbnail/thumbnail_IMAG21_ad3cf05d-0b97-47f6-8d4b-181e5906fcca.jpg',1),(86,'내가 왜 킬러?!',9.95,'https://image-comic.pstatic.net/webtoon/819983/thumbnail/thumbnail_IMAG21_e7252603-401a-4010-b779-19308ae4968e.jpg',1),(87,'피폐물의 해피엔딩을 위하여',9.95,'https://image-comic.pstatic.net/webtoon/805437/thumbnail/thumbnail_IMAG21_b42c6ad3-4ca8-4cdb-8dfb-7671b2fea0c0.jpg',1),(88,'어쌔신 크리드 - 잊혀진 사원',9.89,'https://image-comic.pstatic.net/webtoon/808760/thumbnail/thumbnail_IMAG21_1d65caac-a10d-44c5-b49d-ef1ac0b95a17.jpg',1),(89,'날 먹는 건 금지양!',9.97,'https://image-comic.pstatic.net/webtoon/817019/thumbnail/thumbnail_IMAG21_22cf1c1b-376e-40ee-b643-a48db411247a.jpg',1),(90,'한국에서 히어로 하기 힘들더라',9.91,'https://image-comic.pstatic.net/webtoon/829666/thumbnail/thumbnail_IMAG21_dff8a57c-42d8-4458-b045-8c0c1c4e5b20.jpg',1),(91,'찔레꽃 그늘 아래',9.92,'https://image-comic.pstatic.net/webtoon/821763/thumbnail/thumbnail_IMAG21_e30b6d66-4e6e-4c6f-91e8-13fa3f6f8d59.jpg',1),(92,'프로페서',9.64,'https://image-comic.pstatic.net/webtoon/823001/thumbnail/thumbnail_IMAG21_6d43223a-6c16-47bb-8a40-8f2f198c4079.jpg',1),(93,'달이 뜨지 않는 도시',9.86,'https://image-comic.pstatic.net/webtoon/823192/thumbnail/thumbnail_IMAG21_73a3d8f8-481c-4348-bd6e-8ad166e0b59c.jpg',1),(94,'두번째 신의아이',9.84,'https://image-comic.pstatic.net/webtoon/827318/thumbnail/thumbnail_IMAG21_70ed772f-460f-469d-aa80-a5bed5014a1f.jpg',1),(95,'일파만파',9.96,'https://image-comic.pstatic.net/webtoon/823496/thumbnail/thumbnail_IMAG21_55ef3a60-2e0f-4900-bdb7-f6d2928796fc.jpg',1),(96,'피말리는 과대생활',9.96,'https://image-comic.pstatic.net/webtoon/824272/thumbnail/thumbnail_IMAG21_6180ecba-03f1-428b-b6df-e10314716fc4.jpg',1),(97,'오늘의 일기예보',9.86,'https://image-comic.pstatic.net/webtoon/817987/thumbnail/thumbnail_IMAG21_d0f95c18-cb15-4ba5-9581-60a7590f61cc.jpg',1),(98,'처음을 줄게!',9.86,'https://image-comic.pstatic.net/webtoon/819716/thumbnail/thumbnail_IMAG21_823db330-b393-460c-ba64-91218078192b.jpg',1),(99,'선빵필승!',8.40,'https://image-comic.pstatic.net/webtoon/821807/thumbnail/thumbnail_IMAG21_f89791fc-9d16-4b0b-8e39-273063f2e0a0.jpg',1),(100,'내가 쓴 소설 속 주인공들이 나를 죽이려 드는데요?',9.76,'https://image-comic.pstatic.net/webtoon/823972/thumbnail/thumbnail_IMAG21_07b9c362-cc26-4c3a-8e72-1f0c68bed531.jpg',1),(101,'제국 제일의 상속녀가 되었습니다',9.93,'https://image-comic.pstatic.net/webtoon/814566/thumbnail/thumbnail_IMAG21_eec265ab-e28c-4d6e-92f8-36c37585a0d9.jpg',1),(102,'낢이 사는 이야기 - 계속되는 미미한 인생',9.95,'https://image-comic.pstatic.net/webtoon/833255/thumbnail/thumbnail_IMAG21_504f6152-8a60-42a0-a1c0-43cd77f9c430.jpg',2),(103,'김부장',9.60,'https://image-comic.pstatic.net/webtoon/783053/thumbnail/thumbnail_IMAG21_d7732f14-26da-4e35-8762-660cc87b53f1.jpg',2),(104,'귀혼',9.48,'https://image-comic.pstatic.net/webtoon/833705/thumbnail/thumbnail_IMAG21_43cdfe34-6ab4-48f3-96db-9cfa7afa628a.jpg',2),(105,'좋아? 죽어!',9.48,'https://image-comic.pstatic.net/webtoon/821192/thumbnail/thumbnail_IMAG21_156483ac-3740-4cbf-8150-0f24595bae52.jpg',2),(106,'괴력 난신',9.95,'https://image-comic.pstatic.net/webtoon/821597/thumbnail/thumbnail_IMAG21_d39e65d8-6ffd-4024-be77-dbeb87db820c.jpg',2),(107,'서울 자가에 대기업 다니는 김 부장 이야기',9.95,'https://image-comic.pstatic.net/webtoon/819929/thumbnail/thumbnail_IMAG21_f1ca00e5-9b30-44d3-a1ee-7a04d539002a.jpg',2),(108,'절대회귀',9.96,'https://image-comic.pstatic.net/webtoon/828715/thumbnail/thumbnail_IMAG21_8957548a-2eb2-4ddf-a50e-dbc7fddc16a7.jpg',2),(109,'신입사원 김철수',9.70,'https://image-comic.pstatic.net/webtoon/812594/thumbnail/thumbnail_IMAG21_d524ca40-2d86-4946-b13f-53d42cbd1cba.jpg',2),(110,'구룡:사로카',3.97,'https://image-comic.pstatic.net/webtoon/833416/thumbnail/thumbnail_IMAG21_677ff60b-57eb-4aae-a5ef-44d175b2d506.jpg',2),(111,'마음의소리2',9.94,'https://image-comic.pstatic.net/webtoon/814543/thumbnail/thumbnail_IMAG21_df84a681-b7ef-4dda-8cef-25b219d35e3e.jpg',2),(112,'유부 감자',9.85,'https://image-comic.pstatic.net/webtoon/822556/thumbnail/thumbnail_IMAG21_46b37b9f-0a73-43e0-982a-1cf5666397c7.jpg',2),(113,'사신소년',9.89,'https://image-comic.pstatic.net/webtoon/730656/thumbnail/thumbnail_IMAG21_fc6d8dbf-eed2-43d0-af45-2edb3cc4244e.jpg',2),(114,'멸망 이후의 세계',9.93,'https://image-comic.pstatic.net/webtoon/789979/thumbnail/thumbnail_IMAG21_ae307a73-fab7-44f7-83c7-2f0b4787055a.jpg',2),(115,'시한부인 줄 알았어요!',9.97,'https://image-comic.pstatic.net/webtoon/801711/thumbnail/thumbnail_IMAG21_2a097d0a-8844-4fb6-93d9-fc04fb3197db.jpg',2),(116,'천마는 평범하게 살 수 없다',7.79,'https://image-comic.pstatic.net/webtoon/774358/thumbnail/thumbnail_IMAG21_ddaf1152-d535-4d0d-b7b5-b46c0d3cd01c.jpg',2),(117,'한림체육관',9.74,'https://image-comic.pstatic.net/webtoon/743139/thumbnail/thumbnail_IMAG21_0a0e585b-979a-4f1d-9cec-97d0abf5ef3d.jpg',2),(118,'못 잡아먹어서 안달',9.97,'https://image-comic.pstatic.net/webtoon/817247/thumbnail/thumbnail_IMAG21_61bd3fbe-b16f-494a-b374-e7a68e5ca607.jpg',2),(119,'하북팽가 막내아들',9.85,'https://image-comic.pstatic.net/webtoon/783877/thumbnail/thumbnail_IMAG21_0649e854-9113-4a06-a9fe-7cad72be8c9a.jpg',2),(120,'욕망일기Deep',8.90,'https://image-comic.pstatic.net/webtoon/818448/thumbnail/thumbnail_IMAG21_8f02d84a-1c44-412e-8a34-4c9ec09c68ac.jpg',2),(121,'서툰 군인',9.95,'https://image-comic.pstatic.net/webtoon/824750/thumbnail/thumbnail_IMAG21_1507e5e8-e57f-4730-b067-f974cd583346.jpg',2),(122,'내 남편의 정부에게',9.96,'https://image-comic.pstatic.net/webtoon/817366/thumbnail/thumbnail_IMAG21_358d6676-51bf-4a54-b4ff-b55edf907efe.jpg',2),(123,'하루만 네가 되고 싶어',9.95,'https://image-comic.pstatic.net/webtoon/738487/thumbnail/thumbnail_IMAG21_e7291231-deea-4bc8-9479-ed6dbe42dc43.jpg',2),(124,'용사가 돌아왔다',9.59,'https://image-comic.pstatic.net/webtoon/773459/thumbnail/thumbnail_IMAG21_c9bd173d-d713-4fe7-b5d9-c26d6c54d965.jpg',2),(125,'유사연애',9.87,'https://image-comic.pstatic.net/webtoon/804653/thumbnail/thumbnail_IMAG21_245d93e8-07c6-4229-9e51-bb813a307610.jpg',2),(126,'청춘 러브썸',9.98,'https://image-comic.pstatic.net/webtoon/828920/thumbnail/thumbnail_IMAG21_19ce0f7d-7134-403a-bbc5-4f939cd8927f.jpg',2),(127,'긁지 않은 복권',9.80,'https://image-comic.pstatic.net/webtoon/828908/thumbnail/thumbnail_IMAG21_43122e79-2459-4b2f-87ab-7a01cba1cbec.jpg',2),(128,'초인의 게임',9.95,'https://image-comic.pstatic.net/webtoon/795658/thumbnail/thumbnail_IMAG21_9771c54c-af6a-477c-9243-2b3bb784aae6.jpg',2),(129,'아카데미 플레이어를 죽였다',9.76,'https://image-comic.pstatic.net/webtoon/818434/thumbnail/thumbnail_IMAG21_eb5897bd-bf9b-454c-bce3-2b3541f38dcc.jpg',2),(130,'전리품 공작부인',9.95,'https://image-comic.pstatic.net/webtoon/833243/thumbnail/thumbnail_IMAG21_5453358f-d9ae-422d-9438-b1fda6edb0cd.jpg',2),(131,'사변괴담',9.94,'https://image-comic.pstatic.net/webtoon/804783/thumbnail/thumbnail_IMAG21_a80f7760-3c93-4002-84d4-eece85593f84.jpg',2),(132,'신과함께 돌아온 기사왕님',7.67,'https://image-comic.pstatic.net/webtoon/809618/thumbnail/thumbnail_IMAG21_d3c27ef7-aa89-44d3-8be2-5b102b8aa817.jpg',2),(133,'사표내고 이계에서 힐링합니다',9.96,'https://image-comic.pstatic.net/webtoon/800726/thumbnail/thumbnail_IMAG21_339eaa1b-f9bf-4cc3-95fb-f10671b2d508.jpg',2),(134,'엄마를 만나러 가는 길',9.98,'https://image-comic.pstatic.net/webtoon/834369/thumbnail/thumbnail_IMAG21_fef9aaf3-0ec2-4599-a2f1-b5d4697e2518.jpg',2),(135,'야만의 청혼',9.90,'https://image-comic.pstatic.net/webtoon/833873/thumbnail/thumbnail_IMAG21_fe3087ab-54c7-4484-8718-17e06288de17.jpg',2),(136,'일홀도',9.88,'https://image-comic.pstatic.net/webtoon/819230/thumbnail/thumbnail_IMAG21_0e049c62-8732-4c2b-adcf-ae67a6bc7542.jpg',2),(137,'도태교실',9.92,'https://image-comic.pstatic.net/webtoon/812161/thumbnail/thumbnail_IMAG21_076b480a-84eb-46be-b6b0-906e66902f68.jpg',2),(138,'체탐자',9.91,'https://image-comic.pstatic.net/webtoon/814834/thumbnail/thumbnail_IMAG21_97e297d4-e9b6-47c4-946c-cd22cb3c0270.jpg',2),(139,'염라강림',9.90,'https://image-comic.pstatic.net/webtoon/818192/thumbnail/thumbnail_IMAG21_07e1cb40-de31-4d68-afdc-aaecae29be15.jpg',2),(140,'포 더 퀸덤',9.94,'https://image-comic.pstatic.net/webtoon/812414/thumbnail/thumbnail_IMAG21_671e844b-2049-4d5a-953b-bb54b7b02c00.jpg',2),(141,'원주민 공포만화',9.86,'https://image-comic.pstatic.net/webtoon/698918/thumbnail/thumbnail_IMAG21_3689346629442483042.jpg',2),(142,'개집사',9.98,'https://image-comic.pstatic.net/webtoon/828292/thumbnail/thumbnail_IMAG21_ae547aa9-f722-490b-a722-fc165fa11644.jpg',2),(143,'백작가의 비밀스런 시녀님',9.98,'https://image-comic.pstatic.net/webtoon/830106/thumbnail/thumbnail_IMAG21_2a96fe59-29fb-4e39-82ff-b0b42a99df2e.jpg',2),(144,'사람의 탈',9.97,'https://image-comic.pstatic.net/webtoon/822198/thumbnail/thumbnail_IMAG21_b7084207-8ff7-4f3d-8229-6c14eba9b657.jpg',2),(145,'약 파는 황태자',9.95,'https://image-comic.pstatic.net/webtoon/818969/thumbnail/thumbnail_IMAG21_53ba4158-1b13-43cc-aad3-3f95a6aaa185.jpg',2),(146,'회귀한 용병은 다 계획이 있다',9.87,'https://image-comic.pstatic.net/webtoon/832557/thumbnail/thumbnail_IMAG21_bbada1dd-2892-4a53-a5d8-a37c11e89b5d.jpg',2),(147,'아포칼립스에 물류센터를 숨김',9.90,'https://image-comic.pstatic.net/webtoon/829743/thumbnail/thumbnail_IMAG21_efcf7355-13e8-4d94-83f5-c6c34b94f609.jpg',2),(148,'암호는 002!',9.96,'https://image-comic.pstatic.net/webtoon/819223/thumbnail/thumbnail_IMAG21_1c23459c-bd74-4054-ae24-1dd4cf215dd0.jpg',2),(149,'UP\n우리 안 사귀어!!',9.69,'https://image-comic.pstatic.net/webtoon/828670/thumbnail/thumbnail_IMAG21_a4cae658-a143-4c06-a226-b5cf61cbe30a.jpg',2),(150,'윌유메리미',9.91,'https://image-comic.pstatic.net/webtoon/616239/thumbnail/thumbnail_IMAG21_b412e69f-b6dc-40eb-b022-0f2c0991389b.jpg',2),(151,'천만청춘',9.98,'https://image-comic.pstatic.net/webtoon/828402/thumbnail/thumbnail_IMAG21_a3101e31-e68d-4ec8-978f-158c3f95ddd5.jpg',2),(152,'서울역 바바리안',9.66,'https://image-comic.pstatic.net/webtoon/832669/thumbnail/thumbnail_IMAG21_18bb021b-9007-4265-92f8-cf9bf6101d55.jpg',2),(153,'귀공자',9.92,'https://image-comic.pstatic.net/webtoon/831168/thumbnail/thumbnail_IMAG21_5ec9c0d7-7a58-4ee8-89b8-557b72ec83c4.jpg',2),(154,'가공낙원',9.98,'https://image-comic.pstatic.net/webtoon/830053/thumbnail/thumbnail_IMAG21_6e31d860-ee08-42e7-9bda-a157d5b3a087.jpg',2),(155,'죽어 천국에 가다',9.93,'https://image-comic.pstatic.net/webtoon/826887/thumbnail/thumbnail_IMAG21_4ae9d522-19b5-43db-b1ad-08bffc6c4e3d.jpg',2),(156,'배드 엔딩 메이커',9.94,'https://image-comic.pstatic.net/webtoon/812017/thumbnail/thumbnail_IMAG21_017f773e-5879-4620-bf22-146f897ad559.jpg',2),(157,'나만 보는 탑 공략집',9.83,'https://image-comic.pstatic.net/webtoon/823434/thumbnail/thumbnail_IMAG21_2410f633-6b9f-415f-bba1-5e27495685cb.jpg',2),(158,'티키타카',9.79,'https://image-comic.pstatic.net/webtoon/833244/thumbnail/thumbnail_IMAG21_8dab2510-1384-418c-a60d-8e4ceac45422.jpg',2),(159,'맹수 사용 설명서',9.96,'https://image-comic.pstatic.net/webtoon/819768/thumbnail/thumbnail_IMAG21_b9f0f533-1054-4ef6-9d8a-8810c1ad4233.jpg',2),(160,'은주의 방 2~3부',9.93,'https://image-comic.pstatic.net/webtoon/654138/thumbnail/thumbnail_IMAG21_3559587746721839161.jpg',2),(161,'연애 못하면 사망',9.92,'https://image-comic.pstatic.net/webtoon/834175/thumbnail/thumbnail_IMAG21_8989a807-c65d-43c9-9a8d-d2aa216d7c57.jpg',2),(162,'늙은 아버지의 나날',9.95,'https://image-comic.pstatic.net/webtoon/829965/thumbnail/thumbnail_IMAG21_5eb7e9be-e2dc-4da3-8e29-f92cec9a63e3.jpg',2),(163,'개같은 아빠',9.93,'https://image-comic.pstatic.net/webtoon/818909/thumbnail/thumbnail_IMAG21_18d98150-a811-4992-b1e8-dcf6f76cfe49.jpg',2),(164,'사리네 보석함',9.91,'https://image-comic.pstatic.net/webtoon/822833/thumbnail/thumbnail_IMAG21_84c511af-cb92-4bad-b2a4-937bb1ba0e81.jpg',2),(165,'욕망을 가르쳐주세요',9.96,'https://image-comic.pstatic.net/webtoon/829238/thumbnail/thumbnail_IMAG21_9144549d-c0dd-4041-b9ff-ea02942fbe9c.jpg',2),(166,'재난은 늘 곁에 있다',9.97,'https://image-comic.pstatic.net/webtoon/827333/thumbnail/thumbnail_IMAG21_0317e4c9-0daa-4e41-9835-e7ef5645c7af.jpg',2),(167,'집착남주의 전부인이 되었습니다',9.72,'https://image-comic.pstatic.net/webtoon/813922/thumbnail/thumbnail_IMAG21_f1478b60-6c7b-49ac-8831-56af9c4f3d7b.jpg',2),(168,'내남친 킹카만들기',9.90,'https://image-comic.pstatic.net/webtoon/791126/thumbnail/thumbnail_IMAG21_acf0c866-3bf4-43ec-8750-33e060f7cdd6.jpg',2),(169,'에이머',9.81,'https://image-comic.pstatic.net/webtoon/400739/thumbnail/thumbnail_IMAG21_b5046846-5af7-48a9-9b20-b0b07cf0c904.jpeg',2),(170,'휴재\n그냥 선생님',9.97,'https://image-comic.pstatic.net/webtoon/804333/thumbnail/thumbnail_IMAG21_4187503a-1932-4712-abb5-4713c2359bb6.jpg',2),(171,'불 빌려드릴까요?',9.82,'https://image-comic.pstatic.net/webtoon/822931/thumbnail/thumbnail_IMAG21_c7113c1b-e2f1-408b-baeb-d4edad9027e1.jpg',2),(172,'파도의 포말',9.98,'https://image-comic.pstatic.net/webtoon/817346/thumbnail/thumbnail_IMAG21_109fe7c4-1e33-4273-bcdb-34da1fc9c14d.jpg',2),(173,'아름다운 줄리엣을 위하여',9.96,'https://image-comic.pstatic.net/webtoon/829139/thumbnail/thumbnail_IMAG21_93533e16-0fe1-498f-b08e-8fd3e4575741.jpg',2),(174,'깔깔깔깔',9.20,'https://image-comic.pstatic.net/webtoon/829528/thumbnail/thumbnail_IMAG21_c9d190db-244d-4497-a600-3b4579030b72.jpg',2),(175,'천재 곰먐미 김순자',9.28,'https://image-comic.pstatic.net/webtoon/833678/thumbnail/thumbnail_IMAG21_f554645f-8827-4c49-9068-51c1ad470463.jpg',2),(176,'팀장님은 신혼이 피곤하다',9.94,'https://image-comic.pstatic.net/webtoon/804868/thumbnail/thumbnail_IMAG21_c9bcd858-1983-4d71-a643-722e8c37899a.jpg',2),(177,'흑역사 어게인',9.93,'https://image-comic.pstatic.net/webtoon/814817/thumbnail/thumbnail_IMAG21_444e5c19-39a5-493c-aa6f-5892ccda22b1.jpg',2),(178,'무원야담',9.97,'https://image-comic.pstatic.net/webtoon/818255/thumbnail/thumbnail_IMAG21_6f088af3-9094-4dc4-9fe0-5962dea46c8d.jpg',2),(179,'보이드맨',9.81,'https://image-comic.pstatic.net/webtoon/827173/thumbnail/thumbnail_IMAG21_85ae6362-df57-46d0-80f3-139192d14e67.jpg',2),(180,'여우자매',9.94,'https://image-comic.pstatic.net/webtoon/797413/thumbnail/thumbnail_IMAG21_ace1e233-33dd-4541-888c-839abd3fa2e6.jpg',2),(181,'제로게임',9.97,'https://image-comic.pstatic.net/webtoon/676695/thumbnail/thumbnail_IMAG21_68b97d1b-2b65-4b2c-a5a0-6aa60d4602de.jpg',2),(182,'우투리: THE LEGACY',9.64,'https://image-comic.pstatic.net/webtoon/797819/thumbnail/thumbnail_IMAG21_2feecf54-8321-4d15-a8d9-25f0b72003d6.jpg',2),(183,'착한 여자 안선해',9.94,'https://image-comic.pstatic.net/webtoon/812576/thumbnail/thumbnail_IMAG21_3f7398f5-dec9-4a09-b625-d34f59ab7688.jpg',2),(184,'자멸기관',9.94,'https://image-comic.pstatic.net/webtoon/824240/thumbnail/thumbnail_IMAG21_1870d459-4a42-4102-adbd-32ce91495785.jpg',2),(185,'폭군의 심장을 쥐었다',9.91,'https://image-comic.pstatic.net/webtoon/813121/thumbnail/thumbnail_IMAG21_88275b60-7f4e-4b1a-8dcb-c932c1d7fbb4.jpg',2),(186,'동경과 거짓말',9.98,'https://image-comic.pstatic.net/webtoon/809006/thumbnail/thumbnail_IMAG21_e74d94fd-d64b-4a8e-8d94-1f7c533e7c0c.jpg',2),(187,'붉은 이정표',9.89,'https://image-comic.pstatic.net/webtoon/790776/thumbnail/thumbnail_IMAG21_683f454e-5f7a-416b-936b-8a06cb1c3cae.jpeg',2),(188,'던전공략은 복붙이지',9.47,'https://image-comic.pstatic.net/webtoon/829721/thumbnail/thumbnail_IMAG21_2a15ba64-0de7-4983-8728-707a227d2670.jpg',2),(189,'아카데미가 망했다',9.93,'https://image-comic.pstatic.net/webtoon/828077/thumbnail/thumbnail_IMAG21_0c4f1c3b-1743-47f4-b417-075916604612.jpg',2),(190,'필리아로제 - 가시왕관의 예언',9.97,'https://image-comic.pstatic.net/webtoon/773793/thumbnail/thumbnail_IMAG21_96eea80e-94b1-4087-af03-671cb9a14de6.jpg',2),(191,'사라질 황녀를 위하여',9.86,'https://image-comic.pstatic.net/webtoon/832553/thumbnail/thumbnail_IMAG21_cca096fa-1722-4b3d-bc11-718fa1d090e6.jpg',2),(192,'휴재\n뜻밖의 청혼',9.92,'https://image-comic.pstatic.net/webtoon/821855/thumbnail/thumbnail_IMAG21_402741b2-8e07-4b25-b600-568796c86145.jpg',2),(193,'왕관을 찾아줘',9.87,'https://image-comic.pstatic.net/webtoon/828716/thumbnail/thumbnail_IMAG21_01d6d711-5fc5-4fa8-bdaf-c844aa036806.jpg',2),(194,'원포인트',9.81,'https://image-comic.pstatic.net/webtoon/807314/thumbnail/thumbnail_IMAG21_176143e6-3d43-495d-b60e-4dae06bc10e2.jpg',2),(195,'친애하는 연서',8.43,'https://image-comic.pstatic.net/webtoon/822578/thumbnail/thumbnail_IMAG21_21416473-c5ab-4686-ab62-276b4a0c8b16.jpg',2),(196,'문어숙희숙회',9.21,'https://image-comic.pstatic.net/webtoon/826609/thumbnail/thumbnail_IMAG21_6261bca5-5d89-4360-a1c5-5ab4dae07d32.jpg',2),(197,'사장님과 공주님',9.96,'https://image-comic.pstatic.net/webtoon/826834/thumbnail/thumbnail_IMAG21_85b611be-11ab-4313-b83c-854205378365.jpg',2),(198,'휴재\n헬스x로맨스',9.86,'https://image-comic.pstatic.net/webtoon/822876/thumbnail/thumbnail_IMAG21_c799991e-9f18-43d1-966b-c1131ea11f0d.jpg',2),(199,'시한부 황후의 나쁜 짓',9.86,'https://image-comic.pstatic.net/webtoon/819054/thumbnail/thumbnail_IMAG21_caf4a021-bdda-4d89-b4fd-ac143c3a86ad.jpg',2),(200,'대리게임',9.25,'https://image-comic.pstatic.net/webtoon/809263/thumbnail/thumbnail_IMAG21_10493e4c-e4b5-4aac-b1ed-4acd07879e54.jpg',2),(201,'돌격! 용마치킨',9.87,'https://image-comic.pstatic.net/webtoon/805974/thumbnail/thumbnail_IMAG21_33d1be22-7bac-4a6a-8289-0c7db9dc4658.jpg',2),(202,'아, 연애하고 싶다',9.66,'https://image-comic.pstatic.net/webtoon/818674/thumbnail/thumbnail_IMAG21_1a0e7804-8eeb-469d-9bf2-7a768e526a72.jpg',2),(203,'킬링 스프리',9.86,'https://image-comic.pstatic.net/webtoon/826437/thumbnail/thumbnail_IMAG21_906a0d41-0058-4be7-a92d-c360bd3e79fd.jpg',2),(204,'롤플레잉',9.38,'https://image-comic.pstatic.net/webtoon/826419/thumbnail/thumbnail_IMAG21_28923e96-eb7a-4367-9ba2-3961e86d1fe0.jpg',2),(205,'오아뉴-멱살 한번 잡힙시다',9.30,'https://image-comic.pstatic.net/webtoon/821981/thumbnail/thumbnail_IMAG21_8b5cb640-682d-4fd8-99e1-d5ca8ac8398e.jpg',2),(206,'휴재\n왕게임',9.85,'https://image-comic.pstatic.net/webtoon/798101/thumbnail/thumbnail_IMAG21_766e3761-228a-4c04-97b8-6f0ef13cf35b.jpg',2);
/*!40000 ALTER TABLE `webtoon_tb` ENABLE KEYS */;
UNLOCK TABLES;
/*!40103 SET TIME_ZONE=@OLD_TIME_ZONE */;

/*!40101 SET SQL_MODE=@OLD_SQL_MODE */;
/*!40014 SET FOREIGN_KEY_CHECKS=@OLD_FOREIGN_KEY_CHECKS */;
/*!40014 SET UNIQUE_CHECKS=@OLD_UNIQUE_CHECKS */;
/*!40101 SET CHARACTER_SET_CLIENT=@OLD_CHARACTER_SET_CLIENT */;
/*!40101 SET CHARACTER_SET_RESULTS=@OLD_CHARACTER_SET_RESULTS */;
/*!40101 SET COLLATION_CONNECTION=@OLD_COLLATION_CONNECTION */;
/*!40111 SET SQL_NOTES=@OLD_SQL_NOTES */;

-- Dump completed on 2024-12-05 11:15:47
